Website,Position
website1,1
website1,1
website1,1
website1,1
website1,1
website1,2
website1,1
website1,3
website1,1
website1,1
website1,1
website1,1
website1,1
website1,1
website1,1
website1,1
website1,4
website1,1
website1,1
website1,1
website1,1
website1,1
website1,1
website1,1
website1,1
website1,2
website1,1
website1,1
website1,1
website1,1
website1,1
website1,1
website1,1
website1,8
website1,1
website1,1
website1,1
website1,1
website1,1
website1,2
website1,6
website1,1
website1,1
website1,2
website1,2
website1,1
website1,1
website1,12
website1,1
website1,1
website1,1
website1,1
website1,1
website1,1
website1,1
website1,1
website1,2
website1,2
website1,1
website1,1
website1,1
website1,1
website1,1
website1,1
website1,1
website1,1
website1,1
website1,1
website1,1
website1,1
website1,1
website1,2
website1,2
website1,2
website1,2
website1,1
website1,1
website1,2
website1,1
website1,1
website1,1
website1,1
website1,1
website1,1
website1,1
website1,1
website1,1
website1,2
website1,2
website1,1
website1,1
website1,2
website1,2
website1,3
website1,3
website1,7
website1,1
website1,1
website1,1
website1,5
website1,1
website1,1
website1,1
website1,2
website1,1
website1,1
website1,1
website1,1
website1,1
website1,1
website1,1
website1,3
website1,3
website1,1
website1,1
website1,1
website1,1
website1,1
website1,1
website1,3
website1,1
website1,1
website1,2
website1,2
website1,1
website1,2
website1,3
website1,1
website1,1
website1,1
website1,1
website1,1
website1,2
website1,2
website1,4
website1,4
website1,1
website1,2
website1,2
website1,1
website1,1
website1,3
website1,2
website1,1
website1,1
website1,1
website1,1
website1,1
website1,1
website1,2
website1,2
website1,1
website1,1
website1,1
website1,1
website2,4
website2,2
website2,4
website2,4
website2,9
website2,4
website2,5
website2,5
website2,4
website2,5
website2,4
website2,4
website2,6
website2,1
website2,5
website2,1
website2,4
website2,4
website2,4
website2,4
website2,1
website2,5
website2,1
website2,5
website2,5
website2,5
website2,6
website2,5
website2,5
website2,3
website2,3
website2,6
website2,6
website2,4
website2,6
website2,6
website2,4
website2,5
website2,5
website2,5
website2,1
website2,5
website2,5
website2,2
website2,2
website2,4
website2,4
website2,4
website2,4
website2,3
website2,4
website2,8
website2,4
website2,4
website2,4
website2,4
website2,2
website2,6
website2,8
website2,4
website2,4
website2,4
website2,4
website2,4
website2,4
website2,4
website2,4
website2,5
website2,5
website2,5
website2,5
website2,5
website2,1
website2,4
website2,5
website2,4
website2,5
website2,5
website2,4
website2,10
website2,1
website2,10
website2,2
website2,2
website2,7
website2,9
website2,6
website2,6
website2,6
website2,12
website2,1
website2,6
website2,2
website2,2
website2,1
website2,5
website2,5
website2,1
website2,4
website2,4
website2,1
website2,1
website2,3
website2,3
website2,3
website2,3
website2,3
website2,3
website2,4
website2,4
website2,3
website2,4
website2,10
website2,4
website2,4
website2,3
website2,2
website2,3
website2,4
website2,4
website2,2
website2,2
website2,7
website2,4
website2,1
website2,3
website2,3
website2,6
website2,6
website2,5
website2,5
website2,1
website2,2
website2,2
website2,3
website2,3
website2,3
website2,4
website2,3
website2,4
website2,2
website2,2
website2,2
website2,5
website2,5
website2,4
website2,4
website2,8
website2,8
website2,3
website2,3
website2,4
website2,4
website2,4
website2,4
website2,5
website2,5
website2,4
website2,7
website2,3
website2,4
website2,4
website2,3
website2,7
website2,4
website2,5
website2,5
website2,2
website2,2
website2,11
website2,11
website2,3
website2,3
website2,7
website2,7
website2,5
website2,5
website2,3
website2,3
website2,10
website2,10
website2,9
website2,9
website2,10
website3,3
website3,1
website3,4
website3,2
website3,4
website3,1
website3,3
website3,3
website3,3
website3,1
website3,3
website3,12
website3,3
website3,4
website3,5
website3,5
website3,9
website3,6
website3,5
website3,7
website3,3
website3,5
website3,4
website3,7
website3,1
website3,6
website3,6
website3,1
website3,3
website3,4
website3,8
website3,1
website3,5
website3,5
website3,7
website3,7
website3,1
website3,6
website3,1
website3,7
website3,1
website3,6
website3,5
website3,3
website3,6
website3,3
website3,1
website3,5
website3,6
website3,5
website3,4
website3,1
website3,4
website3,7
website3,6
website3,4
website3,4
website3,4
website3,3
website3,5
website3,6
website3,2
website3,1
website3,1
website3,3
website3,3
website3,3
website3,3
website3,3
website3,7
website3,7
website3,4
website3,4
website3,3
website3,3
website3,3
website3,3
website3,1
website3,6
website3,3
website3,4
website3,9
website3,3
website3,5
website3,7
website3,5
website3,6
website3,5
website3,5
website3,4
website3,6
website3,3
website3,5
website3,4
website3,1
website3,6
website3,4
website3,5
website3,2
website3,5
website3,7
website3,7
website3,1
website3,1
website3,4
website3,8
website3,1
